# key|three English intent phrases|three Russian intent phrases|optional localized choice string names
app|about this typing app;keyboard project information;who made this keyboard|сведения об этой клавиатуре;кто сделал приложение;информация о программе
version|check installed build number;which release is installed;find app revision|узнать номер сборки;какой релиз установлен;проверить версию приложения
license|read software usage terms;open source permissions;copyright and code terms|условия использования программы;разрешения открытого кода;авторские права на код
hidden_features|discover secret capabilities;learn undocumented tricks;find less obvious functions|узнать скрытые возможности;найти неочевидные функции;описание секретных функций
github_wiki|read keyboard documentation;open online help pages;find usage guide|открыть документацию клавиатуры;найти руководство по использованию;прочитать страницы справки
community_links|find user discussion;join keyboard community;open support forum|найти обсуждение пользователей;сообщество клавиатуры;открыть форум поддержки
github|view project source repository;find code hosting page;open development site|открыть исходный код проекта;найти репозиторий программы;посмотреть страницу разработки
save_log|export troubleshooting record;share diagnostic file;save error report|сохранить журнал ошибок;экспортировать диагностику;записать отчет о сбоях
always_incognito_mode|never learn typed words;keep all typing private;do not learn my words|не запоминать введенные слова;не сохранять мои слова;отключить обучение на тексте
key_longpress_timeout|make hold gesture faster;delay before alternate character;change time until key menu opens|ускорить удержание кнопки;задержка до дополнительного символа;время открытия меню клавиши
horizontal_space_swipe|move cursor sideways on spacebar;slide thumb left or right for caret;choose horizontal space gesture action|двигать курсор пробелом вбок;вести пальцем по пробелу горизонтально;действие горизонтального движения пробела|space_swipe_move_cursor_entry,switch_language,space_swipe_toggle_numpad_entry,space_swipe_toggle_dpad_entry,action_none
vertical_space_swipe|move cursor up or down with spacebar;slide thumb vertically on space;choose vertical space gesture action|двигать курсор пробелом вверх вниз;вести пальцем по пробелу вертикально;действие вертикального движения пробела|space_swipe_move_cursor_entry,switch_language,space_swipe_toggle_numpad_entry,space_swipe_toggle_dpad_entry,space_swipe_hide_keyboard_entry,space_swipe_touchpad_mode_entry,action_none
language_swipe_distance|change how far to drag for language;make language gesture less sensitive;adjust distance between input languages|изменить длину жеста смены языка;снизить чувствительность переключения языка;настроить расстояние смены раскладки
touchpad_sensitivity|change cursor pad speed;make caret movement slower;adjust finger tracking for text navigation|изменить скорость тачпада;замедлить движение курсора;настроить перемещение по тексту пальцем
touchpad_edge_scroll|continue moving cursor at screen edge;scroll text from touchpad border;enable edge movement while selecting|двигать курсор у края экрана;прокручивать текст у границы тачпада;включить движение на краю
delete_swipe|erase words by dragging backspace;slide delete to remove text;enable gesture on erase key|удалять слова движением по стиранию;вести пальцем по кнопке удаления;включить жест удаления текста
prefs_long_press_keyboard_to_change_lang|hold space to choose another keyboard;switch input method with long hold;open system keyboard picker from space|удержать пробел для выбора клавиатуры;сменить способ ввода долгим нажатием;открыть выбор клавиатур пробелом
long_press_symbols_for_numpad|hold symbols for number pad;open digits by pressing symbol key;quick numeric keypad shortcut|удержать символы для цифровой панели;открыть цифры через кнопку символов;быстрый вызов цифровой клавиатуры
enable_emoji_alt_physical_key|type emoji from hardware keyboard;physical key for smileys;emoji shortcut on external keys|вводить эмодзи физической клавиатурой;кнопка смайлов на внешней клавиатуре;сочетание клавиш для эмодзи
show_setup_wizard_icon|make application visible in launcher;hide keyboard app shortcut;display setup icon on home screen|показать приложение в меню;спрятать ярлык клавиатуры;значок настройки на главном экране
abc_after_symbol_space|return to letters after symbol and blank;leave symbols layout after space;switch from punctuation page after typing space|вернуться к буквам после символа и пробела;уйти с экрана символов после пробела;переключить раскладку после знака
abc_after_numpad_space|return to letters after digit and blank;leave number pad after space;switch from numeric page after typing space|вернуться к буквам после цифры и пробела;уйти с цифровой панели после пробела;сменить раскладку после числа
abc_after_emoji|return to letters after smiley;leave emoji picker automatically;switch layout following emoji|вернуться к буквам после смайлика;автоматически выйти из эмодзи;сменить раскладку после эмодзи
abc_after_clip|return to letters after pasting;leave clipboard after selection;switch layout following copied text|вернуться к буквам после вставки;выйти из буфера после выбора;сменить раскладку после скопированного текста
custom_currency_key|choose money symbols on key;change available currency signs;put another currency on keyboard|выбрать денежные знаки на кнопке;изменить доступные валюты;добавить валюту на клавиатуру
more_popup_keys|add accented letter alternatives;show extra diacritics when holding;expand character variants menu|добавить буквы с диакритикой;показать дополнительные символы при удержании;расширить варианты букв|show_popup_keys_all,show_popup_keys_more,show_popup_keys_normal,show_popup_keys_main
backup_restore|export keyboard configuration;recover saved preferences;move settings to another device|экспортировать настройки клавиатуры;восстановить сохраненные параметры;перенести настройки на другое устройство
timestamp_format|change inserted date pattern;choose clock text layout;format date and time shortcut|изменить вид вставляемой даты;настроить текст времени;формат ярлыка даты и часов
screen_debug|open developer diagnostics;see internal testing options;configure troubleshooting controls|открыть диагностику разработчика;посмотреть тестовые параметры;настроить отладочные функции
emoji_max_sdk|allow newer smiley characters;limit emoji version compatibility;change maximum supported emoji set|разрешить новые эмодзи;ограничить совместимость смайлов;изменить доступную версию эмодзи
url_detection|recognize website addresses while typing;handle links as one word;detect web domains in text|распознавать адреса сайтов при наборе;обрабатывать ссылки как слова;определять домены в тексте
load_gesture_library|install swipe typing component;enable missing gesture engine;load sliding word input code|установить компонент ввода жестом;включить движок скользящего набора;загрузить библиотеку свайпа
theme_style|choose visual theme;change keyboard look preset;select overall appearance|выбрать визуальную тему;сменить оформление клавиатуры;настроить общий вид|style_name_Rounded
icon_style|change toolbar symbol design;choose action glyph appearance;select button artwork|сменить вид значков панели;выбрать оформление пиктограмм;изменить рисунки кнопок|style_name_Rounded
custom_icon_names|rename toolbar actions;change labels for icons;edit action button names|переименовать действия панели;изменить подписи значков;настроить имена кнопок
theme_colors|change daylight palette;pick normal keyboard colors;edit light appearance shades|изменить дневную палитру;выбрать цвета светлой клавиатуры;настроить обычные оттенки
theme_colors_night|change dark palette;pick night keyboard colors;edit evening appearance shades|изменить темную палитру;выбрать цвета ночной клавиатуры;настроить ночные оттенки
theme_key_borders|draw outlines around keys;remove button separators;change key edge visibility|показать контуры кнопок;убрать разделители клавиш;изменить видимость границ
theme_auto_day_night|follow system dark theme;switch appearance at night;automatically choose light or dark colors|следовать темной теме системы;менять оформление ночью;автоматически выбирать светлые или темные цвета
navbar_color|match bottom system bar to keyboard;recolor navigation area;change Android gesture bar background|подогнать нижнюю системную панель;перекрасить область навигации;изменить фон жестовой полосы
background_image|put picture behind keys;select keyboard wallpaper;use photo as typing background|поставить картинку за клавишами;выбрать обои клавиатуры;использовать фото как фон ввода
background_image_landscape|use picture behind keys when rotated;select horizontal wallpaper;change landscape typing background|поставить картинку при повороте экрана;выбрать горизонтальные обои;изменить фон в альбомном режиме
split_keyboard|separate keys for thumb typing;two halves on wide screen;divide layout in landscape|разделить клавиши для набора пальцами;две половины на широком экране;разбить раскладку при повороте
split_spacer_scale|widen gap between keyboard halves;change center separation;move split key groups apart|увеличить промежуток между половинами;настроить центральный зазор;раздвинуть группы клавиш
key_gap_scale|adjust spacing between buttons;make keys closer together;change empty space around keys|настроить промежутки между кнопками;сблизить клавиши;изменить пустое место вокруг клавиш
keyboard_height_scale|make typing panel taller;reduce vertical keyboard size;adjust overall key area height|сделать панель набора выше;уменьшить вертикальный размер;настроить общую высоту клавиатуры
bottom_row_scale|resize spacebar row;change height of lowest keys;adjust bottom keys proportion|изменить размер ряда с пробелом;настроить нижние клавиши;изменить пропорцию нижнего ряда
bottom_padding_scale|add space beneath keys;reduce lower inset;change gap below keyboard|добавить место под клавишами;уменьшить нижний отступ;изменить зазор под клавиатурой
side_padding_scale|add margins beside keys;reduce left and right inset;change gap at keyboard sides|добавить поля сбоку клавиш;уменьшить боковые отступы;изменить зазор по краям
space_bar_text|write label on space key;replace caption on longest key;customize words shown on blank key|написать подпись на пробеле;заменить текст длинной клавиши;настроить надпись кнопки пробела
custom_font|import a typeface file;use another letter design;load personal text font|загрузить файл шрифта;сменить начертание букв;использовать собственный шрифт текста
font_scale|enlarge letters on keys;shrink typing labels;change keyboard character size|увеличить буквы на клавишах;уменьшить подписи кнопок;изменить размер символов клавиатуры
hint_font_scale|resize small corner labels;enlarge alternate symbol text;change tiny hint letters|изменить маленькие подписи в углах;увеличить текст дополнительных символов;настроить размер подсказок
custom_emoji_font|import smiley typeface;use alternate emoji artwork;load file for emoji glyphs|загрузить шрифт смайлов;использовать другие рисунки эмодзи;установить файл символов эмодзи
emoji_font_scale|resize faces in emoji picker;make smileys larger;adjust pictograph text size|изменить смайлы в меню эмодзи;сделать эмодзи крупнее;настроить размер картинок смайлов
emoji_key_fit|fit smileys to button bounds;scale emoji buttons with font;avoid clipped pictograph keys|вписать смайлы в границы кнопок;масштабировать кнопки эмодзи;убрать обрезание значков
emoji_skin_tone|choose default complexion for emoji;set hand gesture color;pick skin shade for people icons|выбрать цвет кожи эмодзи;задать оттенок жестов рук;настроить цвет значков людей|prefs_emoji_skin_tone_neutral
gesture_input|type words by tracing letters;slide finger across keys;enable swipe to write|набирать слова скольжением;вести пальцем по буквам;включить ввод свайпом
gesture_preview_trail|show line behind swiping finger;display path while tracing word;draw gesture movement|показывать линию за пальцем;отображать путь набора жестом;рисовать след движения
gesture_floating_preview_text|show word above swipe path;see recognized text near finger;display candidate during gesture|показывать слово над движением;видеть распознанный текст у пальца;отображать вариант при свайпе
gesture_floating_preview_dynamic|make swipe preview follow finger;move candidate bubble during gesture;animate word label as hand moves|перемещать слово за пальцем;двигать подсказку при жесте;анимировать надпись при свайпе
gesture_space_aware|write several words in one swipe;insert spaces during gesture;recognize phrases from tracing|писать несколько слов одним свайпом;вставлять пробелы при жесте;распознавать фразы по движению
gesture_fast_typing_cooldown|delay next swipe after fast typing;avoid accidental gesture after tap;change gesture restart wait|задержать новый свайп после быстрого набора;избежать случайного жеста после нажатия;настроить ожидание между жестами
gesture_trail_fadeout_duration|keep swipe line visible longer;fade gesture path sooner;set time until drawn trace disappears|оставлять линию свайпа дольше;быстрее скрывать след жеста;время исчезновения нарисованного пути
voice_pause_seconds|break sentence after silence;set gap between spoken sentences;wait before punctuation in dictation|разделять предложения после тишины;настроить паузу между фразами;ждать перед знаком препинания в речи
voice_split_seconds|start recognizing after short silence;change speech processing wait;transcribe chunks sooner;choose when recognized words appear|начинать распознавание после паузы;пауза между словами для обработки;расшифровывать фрагменты быстрее;выбрать время ожидания перед распознаванием
voice_speech_sensitivity|ignore background noise while recording;detect quiet speech;adjust microphone silence threshold|игнорировать фоновый шум при записи;распознавать тихую речь;настроить порог тишины микрофона
voice_pause_audio|stop music while dictating;mute other playback during speech;pause media for microphone|останавливать музыку при диктовке;приглушать звук во время речи;ставить воспроизведение на паузу
voice_control_mode|show only stop while speaking;hide optional recording buttons;choose minimal microphone actions;process speech without ending recording;flush current spoken piece now;transcribe while microphone stays active;recognize audio and keep listening|показывать только стоп во время речи;скрывать дополнительные кнопки записи;выбрать минимальные действия микрофона;обработать речь без остановки записи;расшифровать текущий фрагмент сразу;распознать слова пока микрофон работает;распознать речь и продолжить запись|voice_control_full,voice_control_auto_hide,voice_control_stop_only
voice_save_dictations_to_history|keep recordings with copied text;archive recognized speech automatically;save spoken words for later recovery;how long saved dictations last;saved dictation retention follows history time|хранить диктовки вместе с копиями;автоматически сохранять распознанную речь;оставлять произнесенный текст для восстановления;сколько хранятся сохраненные диктовки;срок хранения диктовок как у журнала
save_subtype_per_app|remember chosen language for each application;use different layouts in different apps;restore typing language when returning|запоминать язык для каждого приложения;использовать разные раскладки в программах;восстанавливать язык при возвращении
show_hints|display secondary symbols on keys;show small corner characters;reveal alternative letters on buttons|показывать дополнительные символы клавиш;отображать маленькие знаки в углах;видеть запасные буквы на кнопках
popup_keys_labels_order|choose source of key corner labels;prioritize alternate symbol hints;reorder visible tiny characters|выбрать источник подписей в углах;задать приоритет дополнительных символов;упорядочить маленькие знаки
popup_keys_order|reorder hold menu characters;change sequence of accented variants;choose first alternate letter|поменять порядок символов при удержании;изменить последовательность вариантов букв;выбрать первую дополнительную букву
show_tld_popup_keys|offer web domain endings on period;hold dot for website suffixes;show com and org shortcuts|предлагать окончания сайтов на точке;удержать точку для доменов;показать быстрые com и org
show_popup_hints|display action symbols on keys;show functional corner labels;reveal button shortcuts|показывать значки действий на клавишах;видеть функциональные подсказки;отображать быстрые функции кнопок
popup_on|show enlarged key when pressed;disable press bubble;preview touched letter|показывать увеличенную клавишу при нажатии;выключить всплывающий знак;видеть выбранную букву
vibrate_on|feel feedback while typing;make buttons buzz;haptic response to taps|чувствовать отклик при наборе;вибрация кнопок;тактильный ответ на нажатия
vibrate_in_dnd_mode|feel key taps in silent mode;allow haptics despite do not disturb;keyboard buzz during quiet hours|чувствовать нажатия в тихом режиме;разрешить вибрацию при не беспокоить;отклик клавиш без звука
sound_on|hear clicks while typing;make keypress noise;enable keyboard tap audio|слышать щелчки при наборе;звук нажатия кнопок;включить звуковой отклик клавиатуры
show_emoji_descriptions|read smiley meaning by holding;display emoji names;explain pictograph on long press|читать значение смайла при удержании;показывать имена эмодзи;объяснять картинки долгим нажатием
show_number_row|keep digits above letters;add top row with numbers;type numbers without switching pages|держать цифры над буквами;добавить верхний ряд чисел;вводить цифры без смены экрана
show_number_row_in_symbols|keep digits above punctuation;add numeric strip to symbols page;show top numbers on special keys|держать цифры над знаками;добавить числа на экран символов;показать верхние цифры специальных клавиш
localized_number_row|use regional digit shapes;show numerals for current language;adapt numbers to locale|использовать местные формы цифр;показывать числа для текущего языка;подстраивать цифры под регион
show_number_row_hints|display extra characters on digits;add tiny signs above numbers;show alternate symbols on top row|показывать дополнительные знаки на цифрах;добавить маленькие символы над числами;видеть варианты на верхнем ряду
show_language_switch_key|add globe for changing languages;show layout change button;keep language selector on keyboard|добавить глобус для смены языка;показать кнопку раскладки;держать переключатель языков на клавиатуре
language_switch_key|choose what globe button does;set language toggle action;change layout selector behavior|выбрать действие кнопки глобуса;настроить смену языка;изменить поведение переключателя раскладки|switch_language,language_switch_key_switch_input_method,language_switch_key_switch_both
show_emoji_key|put smiley button on keyboard;open emoji picker quickly;show pictograph shortcut|поставить кнопку смайлов;быстро открыть меню эмодзи;показать ярлык картинок
show_dpad_key|add arrow navigation button;open directional cursor pad;show text movement controls|добавить кнопку со стрелками;открыть управление курсором;показать кнопки перемещения по тексту
remove_redundant_popups|hide duplicate hold alternatives;remove repeated symbols from key menu;clean up character variants|скрыть повторные варианты удержания;убрать дубли символов из меню;очистить одинаковые буквы
enable_clipboard_history|remember copied items;keep previous clipboard entries;turn on copy archive|запоминать скопированные элементы;хранить прошлые записи буфера;включить архив копий
clipboard_history_retention_time|how long copies last;keep copied text a year;delete old clipboard items later;choose when copy archive expires;retain clipboard for days weeks or months|хранить копии целый год;удалять старые элементы буфера позже;выбрать срок хранения истории;оставлять скопированное на дни недели или месяцы|retention_1_minute,retention_5_minutes,retention_10_minutes,retention_30_minutes,retention_1_hour,retention_2_hours,retention_6_hours,retention_12_hours,retention_1_day,retention_3_days,retention_7_days,retention_14_days,retention_30_days,retention_90_days,retention_180_days,retention_365_days,settings_no_limit
clipboard_history_pinned_first|put saved copies above recent ones;sort favorites to top;show pinned clipboard entries first|поднимать закрепленные копии наверх;сортировать избранное первым;показывать важные записи выше
clipboard_histor_usey_files|save copied pictures as well as text;include attachments in copy archive;keep images in clipboard list|сохранять скопированные картинки;включать вложения в историю копий;хранить изображения в буфере
clipboard_history_files_size_limit|limit copied attachment size;reject huge clipboard images;set maximum file bytes in history|ограничить размер вложений буфера;не сохранять огромные картинки;задать предел файла в истории
vibration_duration_settings|make key buzz shorter;change haptic pulse length;set tap vibration time|сделать вибрацию короче;изменить длительность отклика;настроить время вибрации кнопок
keypress_sound_volume|make typing clicks quieter;adjust button noise level;control key tap loudness|сделать щелчки тише;настроить громкость кнопок;изменить уровень звука при наборе
edit_personal_dictionary|manage words I taught keyboard;edit saved spellings;open custom vocabulary|управлять выученными словами;исправить сохраненные написания;открыть личный словарь
block_potentially_offensive|stop rude word suggestions;filter profanity from predictions;hide inappropriate terms|не предлагать грубые слова;фильтровать мат в подсказках;скрыть непристойные выражения
auto_correction|fix misspellings while typing;replace wrong words automatically;correct text without asking|исправлять опечатки при наборе;заменять неверные слова автоматически;поправлять текст без подтверждения
more_auto_correction|correct additional near misses;make spelling replacement more aggressive;accept weaker corrections|исправлять больше неточных слов;усилить замену опечаток;разрешить менее уверенные исправления
autocorrect_shortcuts|expand typed abbreviations automatically;correct custom short forms;replace shortcuts with full words|раскрывать сокращения при наборе;исправлять короткие формы;заменять ярлыки полными словами
autocorrect_capitalized_suggestion|correct words starting with capital;fix misspelled proper case;replace uppercase first letter suggestion|исправлять слова с заглавной буквы;поправлять опечатки в именах;заменять вариант с большой буквы
auto_correct_confidence|require stronger certainty before replacing;reduce unwanted corrections;adjust spelling correction threshold|требовать уверенности перед заменой;уменьшить ошибочные исправления;настроить порог автозамены
backspace_reverts_autocorrect|undo correction by deleting once;restore original after wrong replacement;reverse spelling fix with backspace|отменить исправление удалением;вернуть исходное слово после замены;откатить автозамену кнопкой назад
auto_cap|start sentences with capital letter;uppercase first letter automatically;capitalize after full stop|начинать предложения с заглавной;автоматически повышать регистр первой буквы;писать большую после точки
use_double_space_period|insert period by tapping space twice;end sentence with two blanks;make double tap punctuation|ставить точку двумя пробелами;заканчивать фразу двойным пробелом;вводить знак двойным нажатием
autospace_after_punctuation|insert blank after comma or period;separate words after punctuation;space automatically after a sign|вставлять пробел после запятой;отделять слова после знаков;автоматический пробел после точки
autospace_after_suggestion|insert blank after accepting word;separate chosen correction from next text;space following prediction tap|вставлять пробел после выбора слова;отделять исправление от следующего текста;пробел после подсказки
autospace_after_gesture_typing|insert blank after swiped word;separate traced words automatically;space following swipe input|вставлять пробел после свайпа;разделять слова после жеста;пробел после скользящего ввода
autospace_before_gesture_typing|insert blank before swiped word;separate text before a new gesture;space ahead of traced input|вставлять пробел перед свайпом;разделять текст до нового жеста;пробел перед скользящим вводом
shift_removes_autospace|cancel automatic blank with shift;join text after tapping uppercase;remove pending space on case change|отменять автоматический пробел сменой регистра;соединять текст после шифта;убирать ожидающий пробел заглавной
show_suggestions|display word candidates while typing;offer spelling options;show prediction strip|показывать варианты слов при наборе;предлагать варианты написания;отображать строку подсказок
always_show_suggestions|keep word predictions in every field;offer candidates without request;display suggestions consistently|держать подсказки во всех полях;предлагать слова постоянно;всегда отображать варианты
always_show_suggestions_except_web_text|hide predictions in website fields;avoid word suggestions in URLs;except browser text from forced candidates|скрывать подсказки в полях сайта;не предлагать слова в адресах;исключить веб поля из обязательных вариантов
use_personalized_dicts|learn words I often type;use private vocabulary for predictions;adapt suggestions to my writing|учить часто вводимые слова;использовать личный словарь в подсказках;подстраивать варианты под мой текст
next_word_prediction|guess word after current one;show likely continuation;predict what I type next|угадывать следующее слово;показывать продолжение фразы;предсказывать дальнейший текст
suggest_punctuation|offer commas and periods in strip;show common marks as candidates;predict next punctuation sign|предлагать запятые и точки;показывать знаки в подсказках;угадывать следующий знак
punctuation_suggestions|choose which marks appear as candidates;edit punctuation shortcuts;set signs in suggestion strip|выбирать знаки для подсказок;изменять набор пунктуации;настроить символы строки вариантов
center_suggestion_text_to_enter|tap middle candidate to insert;prefer center word automatically;choose central prediction as text|вставлять средний вариант нажатием;предпочитать центральное слово;выбирать подсказку посередине
suggest_clipboard_content|offer copied text above keys;paste recent copy from suggestions;show clipboard item in strip|предлагать копию над клавишами;вставлять недавний текст из подсказок;показывать буфер в строке
use_contacts|suggest names from address book;complete people names while typing;read phone contacts for dictionary|предлагать имена из контактов;дополнять фамилии при наборе;использовать телефонную книгу
use_apps|suggest installed application names;complete app titles while typing;learn program names on device|предлагать названия установленных программ;дополнять имена приложений;знать названия программ устройства
suggest_emojis|offer smileys for typed words;show pictographs in predictions;predict matching emoji|предлагать смайлы по введенным словам;показывать эмодзи среди вариантов;подбирать значки к тексту
inline_emoji_search|find smileys without opening picker;search emoji from typing strip;look up pictographs inline|искать смайлы без открытия меню;находить эмодзи в строке ввода;подбирать картинки прямо при наборе
add_to_personal_dictionary|save new words I type;teach keyboard unfamiliar terms;remember custom spelling|сохранять новые введенные слова;учить клавиатуру незнакомым терминам;запоминать собственное написание
spellcheck_suggest|show spelling fixes for misspelled words;offer dictionary corrections;check words with Android spellchecker|показывать исправления опечаток;предлагать правильное написание;проверять слова системным словарем
toolbar_mode|choose suggestion strip behavior;set top action row mode;change toolbar presentation|выбрать поведение панели подсказок;настроить верхнюю строку действий;изменить режим панели|toolbar_mode_expandable,toolbar_mode_toolbar_keys,toolbar_mode_suggestion_strip,toolbar_mode_hidden
toolbar_hiding_global|hide emoji and clipboard top bars;collapse every action row;apply toolbar hiding to all panels|скрывать панели эмодзи и буфера;сворачивать все строки действий;применять скрытие ко всем панелям
toolbar_swipe_down_to_hide|dismiss keyboard by dragging downward;close typing panel with swipe;pull top row to hide input|закрывать клавиатуру движением вниз;убирать панель набора свайпом;смахнуть верхний ряд для скрытия
toolbar_keys|choose action buttons above keys;edit toolbar shortcuts;reorder top row controls|выбрать кнопки над клавишами;изменить ярлыки панели;упорядочить верхние действия
pinned_toolbar_keys|keep microphone always visible;fix favorite buttons in top row;make action icon permanent|держать микрофон постоянно видимым;закрепить любимые кнопки сверху;сделать значок действия постоянным
clipboard_toolbar_keys|choose actions inside copy history;edit clipboard top buttons;reorder controls for saved copies|выбрать кнопки истории копий;изменить панель буфера;упорядочить действия над сохраненным текстом
toolbar_custom_key_codes|send custom keycode from toolbar;map button to hardware command;configure special action codes|отправлять свой код клавиши с панели;назначить кнопку аппаратной команде;настроить особые коды действий
quick_pin_toolbar_keys|hold action to keep it visible;pin shortcut by long press;add top button without settings menu|удержать действие для закрепления;прикрепить ярлык долгим нажатием;добавить кнопку сверху без меню
auto_show_toolbar|expand top actions when needed;reveal toolbar automatically;show controls without manual opening|раскрывать верхние действия при необходимости;автоматически показывать панель;отображать кнопки без открытия
auto_hide_toolbar|collapse top actions when idle;remove unused toolbar automatically;hide controls after activity|сворачивать верхние действия без активности;автоматически убирать панель;скрывать кнопки после работы
only_toolbar_with_hw_keyboard|show action bar for external keys only;hide toolbar on touch keyboard;top controls only with physical typing|показывать панель только с внешними клавишами;скрыть действия на сенсорной клавиатуре;верхние кнопки при физическом вводе
var_toolbar_direction|move toolbar according to language direction;flip top row in right to left text;adapt action order for RTL|двигать панель по направлению языка;развернуть верхний ряд для письма справа налево;адаптировать порядок кнопок
voice_help|how to use voice input;dictate by tapping the microphone;type while speaking;hold voice icon for its name|как пользоваться голосовым вводом;диктовать нажатием на микрофон;печатать во время речи;удерживать значок чтобы узнать название
nav_preferences|find voice input settings;keys and clipboard options;where are dictation settings|найти настройки голосового ввода;параметры клавиш и буфера обмена;где настройки диктовки
nav_languages|add another typing language;choose Russian or English layout;manage enabled languages|добавить еще язык ввода;выбрать русскую или английскую раскладку;управлять включенными языками
nav_dictionaries|download word list;manage language dictionaries;import vocabulary files|скачать словарь слов;управлять словарями языков;импортировать файлы словаря
nav_layouts|add second symbols layout;edit alternate keyboard layout;manage secondary key pages|добавить вторую раскладку символов;изменить дополнительную раскладку;управлять запасными страницами клавиш
nav_subtype|choose layout for this language;add another language suggestions;edit per language popup order|выбрать раскладку этого языка;добавить второй язык подсказок;изменить порядок символов для языка
layout_SYMBOLS|choose first punctuation page;change primary symbol arrangement;pick alternate special character keys|выбрать первую страницу знаков;сменить расположение основных символов;настроить дополнительные клавиши пунктуации
layout_MORE_SYMBOLS|choose second punctuation page;change shifted symbol arrangement;pick extra special character keys|выбрать вторую страницу знаков;сменить расположение дополнительных символов;настроить расширенные клавиши пунктуации
layout_FUNCTIONAL|choose function key arrangement;change control button layout;pick navigation action keys|выбрать расположение функциональных кнопок;сменить раскладку управляющих клавиш;настроить клавиши действий
layout_NUMBER|choose numeric typing page;change full number layout;pick digits screen arrangement|выбрать страницу ввода чисел;сменить полную раскладку цифр;настроить экран числовых клавиш
layout_NUMBER_ROW|choose digits above letters;change top numeric strip layout;pick number row arrangement|выбрать цифры над буквами;сменить раскладку верхнего числового ряда;настроить расположение цифр сверху
layout_NUMPAD|choose calculator style number pad;change compact digit block;pick numeric keypad layout|выбрать цифровую панель как калькулятор;сменить компактный блок цифр;настроить раскладку цифрового блока
layout_NUMPAD_LANDSCAPE|choose numeric pad when rotated;change landscape digit block;pick wide screen number pad|выбрать цифровой блок при повороте;сменить цифры в альбомном режиме;настроить панель чисел на широком экране
layout_DPAD|choose directional arrow arrangement;change cursor pad layout;pick text navigation keys|выбрать расположение стрелок;сменить панель управления курсором;настроить клавиши навигации по тексту
layout_PHONE|choose telephone dial keys;change phone number arrangement;pick calling keypad layout|выбрать телефонные кнопки набора;сменить расположение номера телефона;настроить раскладку для звонков
layout_PHONE_SYMBOLS|choose symbols on telephone pad;change dialer punctuation keys;pick special phone number characters|выбрать знаки телефонной панели;сменить символы номера телефона;настроить специальные клавиши набора
layout_EMOJI_BOTTOM|choose buttons below emoji picker;change smiley panel bottom row;pick controls under pictographs|выбрать кнопки под меню эмодзи;сменить нижний ряд панели смайлов;настроить клавиши под картинками
layout_CLIPBOARD_BOTTOM|choose buttons below copy history;change clipboard panel bottom row;pick controls under saved clips|выбрать кнопки под историей копий;сменить нижний ряд панели буфера;настроить клавиши под сохраненным текстом

voice_stop_on_keyboard_close|stop dictation when keyboard closes;keep listening with keyboard hidden;microphone after back button;continue recording while hiding keyboard|остановить диктовку при закрытии клавиатуры;продолжать запись со скрытой клавиатурой;микрофон после кнопки назад;сворачивание клавиатуры при диктовке
move_punctuation_before_space|comma before space;move punctuation;fix spaces around punctuation;attach period to previous word|запятая перед пробелом;переместить знак препинания;исправить пробелы перед знаками;точка перед пробелом
